INSERT INTO public.product (
    product_id,
    title,
    description,
    weight_kilos,
    brand,
    added_date
  )
VALUES
  (
    '51107a91-bff2-4b6e-94f0-18d2eb13e26a',
    'Bose QuietComfort 35 II Wireless Bluetooth Headphones, Noise-Cancelling, with Alexa voice control, enabled with Bose AR',
    'Bose QuietComfort 35 II Wireless Bluetooth Headphones, Noise-Cancelling, with Alexa voice control, enabled with Bose AR',
    0.30,
    'Bose',
    '2020-01-01 12:50:02.101429'
  );
INSERT INTO public.product (
    product_id,
    title,
    description,
    weight_kilos,
    brand,
    added_date
  )
VALUES
  (
    'eeb0e488-a73f-42d6-b45a-7939f099d214',
    'Mpow 059 Bluetooth Headphones Over Ear, Hi-Fi Stereo Wireless Headset, Foldable, Soft Memory-Protein Earmuffs, w/Built-in Mic Wired Mode PC/Cell Phones/TV',
    'IMPRESSIVE SOUND QUALITY IS THE ULTIMATE GOAL: The High-fidelity stereo sound benefits from the 40mm neodymium driver, CSR chip, and the around-ear cushion design which provide a well-closed and immersed enviroment for your ears, Just lose yourself in the music! NOTE: Mpow 059 headphones is passive noise isolating, NOT active noise cancellation(ANC), it can''t cancel the noise completely but it won''t drain the battery and damage the sound. 2. The closed-back design provides immersive Hi-Fi sound with CSR chip and 40mm driver together, it is better than ANC in term of sounds quality.',
    0.20,
    'Mpow',
    '2020-01-01 12:57:23.844329'
  );
INSERT INTO public.product (
    product_id,
    title,
    description,
    weight_kilos,
    brand,
    added_date
  )
VALUES
  (
    '40302d39-b546-4919-8643-f6381ad58913',
    'Samsung DVD-VR375/DVD-VR375A Tunerless DVD Recorder VHS Combo',
    'Samsung DVD-VR375/DVD-VR375A Tunerless DVD Recorder VHS Combo',
    1.00,
    'Samsung',
    '2020-01-01 13:05:02.649361'
  );
INSERT INTO public.product (
    product_id,
    title,
    description,
    weight_kilos,
    brand,
    added_date
  )
VALUES
  (
    '4e160a95-2cbd-4c1e-9b09-b5909896ea30',
    'ELECTCOM DVD Player, DVD Player for TV HDMI with Remote, Region Free DVD Player USB',
    'πÇÉIMMERSIVE VIDEO EXPERIENCEπÇæThis Region Free DVD player features 1080p to experience near HD picture quality and solid sound in a compact design. This Region Free DVD player shows subtle shades and smoother graduation of colors, resulting in a more vibrant and natural picture. Providing you with multiple video output connections.

πÇÉSUPER COMPATIBLEπÇæThis Region Free DVD player works as DVD player, CD player, U disk files player. This Region Free DVD player allow you to play distinctive file formats including DVD/DVD+RW/DVD-RW/DVD+R/DVD-R/HDCD/VCD/CD/CD+R/CD-R/MP3/KODAK PICTURE CD/DIVX for maximum viewing and listening pleasure.',
    1.50,
    'ELECTCOM',
    '2020-01-01 13:14:19.877123'
  );
INSERT INTO public.product (
    product_id,
    title,
    description,
    weight_kilos,
    brand,
    added_date
  )
VALUES
  (
    '68437cbe-8dc1-4320-bdbf-ed4e3f3a94e6',
    'LG Electronics 24LH4830-PU 24-Inch Smart LED TV (2016 Model)',
    '24 Inch Simple Smart LED HD TV

Screen Share (Miracast & WiDi)

Wi-Fi Direct

Wide Viewing Angle Screen

HDMI (x2)

TV with Stand (WxHxD) 21.9" x 5.',
    2.00,
    'LG',
    '2020-01-01 13:18:38.929729'
  );
INSERT INTO public.product (
    product_id,
    title,
    description,
    weight_kilos,
    brand,
    added_date
  )
VALUES
  (
    '68d3cd99-6fa3-4fab-b44f-23916e34acd7',
    'Sony KDL32W600D 32-Inch HD Smart TV - Black',
    'Beautiful HD TV with the clarity and sharpness of X-Reality PRO, Access YouTube and more with built-in Wi-Fi

Living-room friendly, slim design, Keep wires out of sight, Precise motion clarity with Motion flow XR 240. No MHL

Enjoy pure, natural audio with smooth reproduction. Wi-Fi Standard : Wi-Fi Certified 802.11b/g/n. HDCP : HDCP1.4

Operating System: Linux. Sleep timer - yes',
    5.00,
    'Sony',
    '2020-01-01 13:23:43.85259'
  );
INSERT INTO public.product (
    product_id,
    title,
    description,
    weight_kilos,
    brand,
    added_date
  )
VALUES
  (
    '311a6378-14b2-4884-8884-a71741691dcf',
    'Hisense 40H5590F 40-inch 1080p Android Smart LED TV (2019)',
    'Hisense 40H5590F 40-inch 1080p Android Smart LED TV (2019)',
    5.00,
    'Hisense',
    '2020-01-01 13:27:42.678863'
  );
INSERT INTO public.product (
    product_id,
    title,
    description,
    weight_kilos,
    brand,
    added_date
  )
VALUES
  (
    '0c3529a6-604e-4d82-aa47-2e156e75174a',
    'Becko Puzzle Roll Jigsaw Storage Felt Mat, Jigroll Up to 1,500 Pieces, Environmental Friendly Material for Jigsaw Puzzle Player, Box with Drawstring Storage Bag',
    'Becko Puzzle Roll Jigsaw Storage Felt Mat, Jigroll Up to 1,500 Pieces, Environmental Friendly Material for Jigsaw Puzzle Player, Box with Drawstring Storage Bag',
    0.30,
    'Becko',
    '2020-01-01 13:35:07.99173'
  );
INSERT INTO public.product (
    product_id,
    title,
    description,
    weight_kilos,
    brand,
    added_date
  )
VALUES
  (
    'ba3251e2-dd59-4861-8e7e-0c8b5cd93ce9',
    'D-FantiX Cyclone Boys 3x3 Speed Cube Stickerless Magic Cube 3x3x3 Puzzles Toys (56mm)',
    'D-FantiX Cyclone Boys 3x3 Speed Cube Stickerless Magic Cube 3x3x3 Puzzles Toys (56mm)',
    0.20,
    'FantiX',
    '2020-01-01 13:37:44.929551'
  );
INSERT INTO public.product (
    product_id,
    title,
    description,
    weight_kilos,
    brand,
    added_date
  )
VALUES
  (
    '50c06458-db27-489e-aa16-be3e418597fd',
    'Coogam Wooden Tetris Puzzle Brain Teasers Toy Tangram Jigsaw Intelligence Colorful 3D Russian Blocks Game STEM Montessori Educational Gift for Baby Kids',
    'The simple design and bright colors are perfect for sparking any imagination, and it feels great to challenge kids with this tangram jigsaw puzzle but also to just take on an easy challenge that you can complete differently every time. Perfect for times when you or your child just need to calm down or relax.

Geometric Assembling Russian Blocks use common geometric patterns and colors to keep children busy for different options to play. Solving it themselves helps to keep kidsΓÇÖ brain focused and adds creativity to eye-hand coordination and color & shape recognition. It''s better than on screen!

Awesome wooden Intelligence puzzle for kids, and great fidget toy for adults. This traditional teaching mathematics puzzle always being attracted in both young kids and elderly people. Perfect ultimate gift idea as Christmas Gift / Birthday Gift/ Festival Gift.',
    0.35,
    'Coogam',
    '2020-01-01 13:41:52.615664'
  );
---------------------------------------------------------------------------
INSERT INTO public.productimage (image_id, product_id, image_url)
VALUES
  (
    'f3084a8b-95e4-4b2c-881d-b776a7a9f6c1',
    '51107a91-bff2-4b6e-94f0-18d2eb13e26a',
    'https://images-na.ssl-images-amazon.com/images/I/61F4RAS5snL._SL1000_.jpg'
  );
INSERT INTO public.productimage (image_id, product_id, image_url)
VALUES
  (
    'bff610c0-f842-494c-8768-bf6ad0cbd646',
    'eeb0e488-a73f-42d6-b45a-7939f099d214',
    'https://images-na.ssl-images-amazon.com/images/I/61S3vMe2vgL._SL1280_.jpg'
  );
INSERT INTO public.productimage (image_id, product_id, image_url)
VALUES
  (
    'a397e785-5cb9-46b7-ba9f-35696d28fa30',
    '40302d39-b546-4919-8643-f6381ad58913',
    'https://images-na.ssl-images-amazon.com/images/I/319zwaj98JL.jpg'
  );
INSERT INTO public.productimage (image_id, product_id, image_url)
VALUES
  (
    '4209129c-48ad-495b-9227-a79233458ff1',
    '4e160a95-2cbd-4c1e-9b09-b5909896ea30',
    'https://images-na.ssl-images-amazon.com/images/I/61YQyhH4P3L._SL1000_.jpg'
  );
INSERT INTO public.productimage (image_id, product_id, image_url)
VALUES
  (
    '5956a469-a648-4e78-b042-a086fd8676e2',
    '68437cbe-8dc1-4320-bdbf-ed4e3f3a94e6',
    'https://images-na.ssl-images-amazon.com/images/I/810nIV2UfVL._SL1500_.jpg'
  );
INSERT INTO public.productimage (image_id, product_id, image_url)
VALUES
  (
    'a41cb5a7-6a31-49de-b0bd-5b4ae81a95b4',
    '68d3cd99-6fa3-4fab-b44f-23916e34acd7',
    'https://images-na.ssl-images-amazon.com/images/I/81oa9MlP9XL._SL1500_.jpg'
  );
INSERT INTO public.productimage (image_id, product_id, image_url)
VALUES
  (
    '5110b009-8e06-4564-90a8-934ed24834ad',
    '311a6378-14b2-4884-8884-a71741691dcf',
    'https://images-na.ssl-images-amazon.com/images/I/71ZRTMwE3NL._SL1500_.jpg'
  );
INSERT INTO public.productimage (image_id, product_id, image_url)
VALUES
  (
    '1df55657-7f8b-4cda-97ff-fb901d8b85a5',
    '311a6378-14b2-4884-8884-a71741691dcf',
    'https://images-na.ssl-images-amazon.com/images/I/81cWMLiflNL._SL1500_.jpg'
  );
INSERT INTO public.productimage (image_id, product_id, image_url)
VALUES
  (
    '71142e69-26cb-4ac4-80d3-108a243c1c5b',
    '0c3529a6-604e-4d82-aa47-2e156e75174a',
    'https://images-na.ssl-images-amazon.com/images/I/81svMasJVLL._SL1500_.jpg'
  );
INSERT INTO public.productimage (image_id, product_id, image_url)
VALUES
  (
    'a946f7da-8330-4559-a1c5-cdd9e9ee0251',
    '0c3529a6-604e-4d82-aa47-2e156e75174a',
    'https://images-na.ssl-images-amazon.com/images/I/81SQczLeuCL._SL1500_.jpg'
  );
INSERT INTO public.productimage (image_id, product_id, image_url)
VALUES
  (
    '5356d179-dc46-463a-bb05-d0bc12f66326',
    'ba3251e2-dd59-4861-8e7e-0c8b5cd93ce9',
    'https://images-na.ssl-images-amazon.com/images/I/510d4FRcqUL._SL1000_.jpg'
  );
INSERT INTO public.productimage (image_id, product_id, image_url)
VALUES
  (
    '528b5fe9-bb2c-4f20-9640-a1bcb4fa94bf',
    '50c06458-db27-489e-aa16-be3e418597fd',
    'https://images-na.ssl-images-amazon.com/images/I/61eO9R4k-RL._SL1000_.jpg'
  );
INSERT INTO public.productimage (image_id, product_id, image_url)
VALUES
  (
    'abee4fa0-460f-4fdc-aca5-b677065b05d3',
    '50c06458-db27-489e-aa16-be3e418597fd',
    'https://images-na.ssl-images-amazon.com/images/I/61mQVJl0cEL._SL1000_.jpg'
  );
-----------------------------------------------------------
INSERT INTO public.variant (
    variant_id,
    product_id,
    sku_id,
    quantity,
    title,
    listed_price,
    selling_price
  )
VALUES
  (
    '9e86aba5-f372-4a2d-b2a8-41409e3d1a22',
    '51107a91-bff2-4b6e-94f0-18d2eb13e26a',
    '74822057',
    23,
    'Black',
    50000.00,
    45000.00
  );
INSERT INTO public.variant (
    variant_id,
    product_id,
    sku_id,
    quantity,
    title,
    listed_price,
    selling_price
  )
VALUES
  (
    '848d658f-f09f-4725-919d-e80cfdd05465',
    '51107a91-bff2-4b6e-94f0-18d2eb13e26a',
    '95731867',
    21,
    'Black',
    48000.00,
    44000.00
  );
INSERT INTO public.variant (
    variant_id,
    product_id,
    sku_id,
    quantity,
    title,
    listed_price,
    selling_price
  )
VALUES
  (
    'fddffddb-0db9-4c6e-98af-68af3dca5536',
    '51107a91-bff2-4b6e-94f0-18d2eb13e26a',
    '95731845',
    12,
    'White',
    49000.00,
    45500.00
  );
INSERT INTO public.variant (
    variant_id,
    product_id,
    sku_id,
    quantity,
    title,
    listed_price,
    selling_price
  )
VALUES
  (
    '72302698-cd31-4830-94b6-3cbe827cfd03',
    '51107a91-bff2-4b6e-94f0-18d2eb13e26a',
    '95731878',
    15,
    'Red',
    50000.00,
    46000.00
  );
INSERT INTO public.variant (
    variant_id,
    product_id,
    sku_id,
    quantity,
    title,
    listed_price,
    selling_price
  )
VALUES
  (
    'b568a441-3a2f-4a5c-8552-0ccf883e7d6c',
    'eeb0e488-a73f-42d6-b45a-7939f099d214',
    '34765458',
    65,
    'Black',
    10000.00,
    9500.00
  );
INSERT INTO public.variant (
    variant_id,
    product_id,
    sku_id,
    quantity,
    title,
    listed_price,
    selling_price
  )
VALUES
  (
    'e9291577-cfcd-4c7f-bf77-ab538a399d6c',
    'eeb0e488-a73f-42d6-b45a-7939f099d214',
    '28308013',
    68,
    'Black',
    9500.00,
    9000.00
  );
INSERT INTO public.variant (
    variant_id,
    product_id,
    sku_id,
    quantity,
    title,
    listed_price,
    selling_price
  )
VALUES
  (
    'ea2c0713-7dc7-4f62-b918-2dd794ce8f6a',
    'eeb0e488-a73f-42d6-b45a-7939f099d214',
    '28308078',
    57,
    'White',
    9500.00,
    9100.00
  );
INSERT INTO public.variant (
    variant_id,
    product_id,
    sku_id,
    quantity,
    title,
    listed_price,
    selling_price
  )
VALUES
  (
    '78e8f9d6-6a8d-48c9-b339-9d005c25c21d',
    'eeb0e488-a73f-42d6-b45a-7939f099d214',
    '28308034',
    90,
    'Red',
    9500.00,
    9400.00
  );
INSERT INTO public.variant (
    variant_id,
    product_id,
    sku_id,
    quantity,
    title,
    listed_price,
    selling_price
  )
VALUES
  (
    '28d77f08-d674-4f3d-a10e-e8f1433f4ad2',
    '40302d39-b546-4919-8643-f6381ad58913',
    '62151691',
    45,
    'Black',
    35000.00,
    34000.00
  );
INSERT INTO public.variant (
    variant_id,
    product_id,
    sku_id,
    quantity,
    title,
    listed_price,
    selling_price
  )
VALUES
  (
    '0940bbb9-5104-4078-bab5-f5ec7a67b255',
    '40302d39-b546-4919-8643-f6381ad58913',
    '62151678',
    56,
    'White',
    34000.00,
    33000.00
  );
INSERT INTO public.variant (
    variant_id,
    product_id,
    sku_id,
    quantity,
    title,
    listed_price,
    selling_price
  )
VALUES
  (
    'accf02f7-bf7e-4495-b7ed-9e0424165340',
    '4e160a95-2cbd-4c1e-9b09-b5909896ea30',
    '74822678',
    54,
    'Black',
    3500.00,
    3400.00
  );
INSERT INTO public.variant (
    variant_id,
    product_id,
    sku_id,
    quantity,
    title,
    listed_price,
    selling_price
  )
VALUES
  (
    '2bf183da-665b-4464-985b-77cac1dc1cfb',
    '4e160a95-2cbd-4c1e-9b09-b5909896ea30',
    '78485341',
    54,
    'Red',
    3000.00,
    2700.00
  );
INSERT INTO public.variant (
    variant_id,
    product_id,
    sku_id,
    quantity,
    title,
    listed_price,
    selling_price
  )
VALUES
  (
    '60e74cfc-9f7f-4f10-8c13-2540ba083c05',
    '68437cbe-8dc1-4320-bdbf-ed4e3f3a94e6',
    '13695122',
    34,
    'Black',
    40000.00,
    39000.00
  );
INSERT INTO public.variant (
    variant_id,
    product_id,
    sku_id,
    quantity,
    title,
    listed_price,
    selling_price
  )
VALUES
  (
    '19622108-857c-471b-83f6-c3208775be7a',
    '68437cbe-8dc1-4320-bdbf-ed4e3f3a94e6',
    '81172020',
    34,
    'Red',
    45000.00,
    44000.00
  );
INSERT INTO public.variant (
    variant_id,
    product_id,
    sku_id,
    quantity,
    title,
    listed_price,
    selling_price
  )
VALUES
  (
    'e77e61a9-18ee-4b3e-a196-a545dca96424',
    '68d3cd99-6fa3-4fab-b44f-23916e34acd7',
    '30443722',
    16,
    '32"',
    55000.00,
    54000.00
  );
INSERT INTO public.variant (
    variant_id,
    product_id,
    sku_id,
    quantity,
    title,
    listed_price,
    selling_price
  )
VALUES
  (
    '62854078-4e75-418e-aaf3-3f8347b90322',
    '68d3cd99-6fa3-4fab-b44f-23916e34acd7',
    '30443778',
    26,
    '42"',
    53000.00,
    52000.00
  );
INSERT INTO public.variant (
    variant_id,
    product_id,
    sku_id,
    quantity,
    title,
    listed_price,
    selling_price
  )
VALUES
  (
    '5152807d-b6b2-4d0a-80fa-80824f778b8d',
    '311a6378-14b2-4884-8884-a71741691dcf',
    '72916977',
    15,
    '42"',
    55000.00,
    53000.00
  );
INSERT INTO public.variant (
    variant_id,
    product_id,
    sku_id,
    quantity,
    title,
    listed_price,
    selling_price
  )
VALUES
  (
    'b92980b6-09ab-4232-ae01-2ea480646f70',
    '311a6378-14b2-4884-8884-a71741691dcf',
    '72916989',
    13,
    '64"',
    75000.00,
    73000.00
  );
INSERT INTO public.variant (
    variant_id,
    product_id,
    sku_id,
    quantity,
    title,
    listed_price,
    selling_price
  )
VALUES
  (
    'a35e052a-d8e7-4bb2-abed-286fb3e19a48',
    '0c3529a6-604e-4d82-aa47-2e156e75174a',
    '42534442',
    60,
    'Default',
    2500.00,
    2300.00
  );
INSERT INTO public.variant (
    variant_id,
    product_id,
    sku_id,
    quantity,
    title,
    listed_price,
    selling_price
  )
VALUES
  (
    '92f7fccf-4898-4268-b74d-e3ffc61c3d70',
    'ba3251e2-dd59-4861-8e7e-0c8b5cd93ce9',
    '25304371',
    67,
    'Defalut',
    1000.00,
    900.00
  );
INSERT INTO public.variant (
    variant_id,
    product_id,
    sku_id,
    quantity,
    title,
    listed_price,
    selling_price
  )
VALUES
  (
    '841e5b7b-44cd-46ba-8e6f-fa95d29f4e72',
    '50c06458-db27-489e-aa16-be3e418597fd',
    '94061339',
    45,
    'Default',
    900.00,
    850.00
  );
-----------------------------------------------------
INSERT INTO public.productcategory (category_id, product_id)
VALUES
  (
    '24b84249-c629-4b84-991c-673c0bf73081',
    '51107a91-bff2-4b6e-94f0-18d2eb13e26a'
  );
INSERT INTO public.productcategory (category_id, product_id)
VALUES
  (
    '24b84249-c629-4b84-991c-673c0bf73081',
    'eeb0e488-a73f-42d6-b45a-7939f099d214'
  );
INSERT INTO public.productcategory (category_id, product_id)
VALUES
  (
    '3a9bce2a-624e-40a0-9fa5-25e7db99ceb9',
    '68437cbe-8dc1-4320-bdbf-ed4e3f3a94e6'
  );
INSERT INTO public.productcategory (category_id, product_id)
VALUES
  (
    '3a9bce2a-624e-40a0-9fa5-25e7db99ceb9',
    '68d3cd99-6fa3-4fab-b44f-23916e34acd7'
  );
INSERT INTO public.productcategory (category_id, product_id)
VALUES
  (
    '3a9bce2a-624e-40a0-9fa5-25e7db99ceb9',
    '311a6378-14b2-4884-8884-a71741691dcf'
  );
INSERT INTO public.productcategory (category_id, product_id)
VALUES
  (
    '52426a68-76a5-4813-9943-b67f952d766b',
    '4e160a95-2cbd-4c1e-9b09-b5909896ea30'
  ); 
INSERT INTO public.productcategory (category_id, product_id)
VALUES
  (
    '0e82c1f2-89c3-44e3-9fe5-922b1f259296',
    '40302d39-b546-4919-8643-f6381ad58913'
  );
INSERT INTO public.productcategory (category_id, product_id)
VALUES
  (
    '48083624-045c-48d8-8b09-1b9baa46c266',
    '0c3529a6-604e-4d82-aa47-2e156e75174a'
  );
INSERT INTO public.productcategory (category_id, product_id)
VALUES
  (
    '48083624-045c-48d8-8b09-1b9baa46c266',
    'ba3251e2-dd59-4861-8e7e-0c8b5cd93ce9'
  );
INSERT INTO public.productcategory (category_id, product_id)
VALUES
  (
    '48083624-045c-48d8-8b09-1b9baa46c266',
    '50c06458-db27-489e-aa16-be3e418597fd'
  );
----------------------------------------------
INSERT INTO public.tag (tag_id, tag)
VALUES
  (
    '30d76955-ad93-41b7-8e8a-d4bbbf93c3dc',
    'noicecancellling'
  );
INSERT INTO public.tag (tag_id, tag)
VALUES
  ('4cfdd485-f829-4a0c-9fa8-45a83c2bbc87', 'bose');
INSERT INTO public.tag (tag_id, tag)
VALUES
  (
    '07a6ba6c-ec86-4d55-8b3c-f1b51d21aebd',
    'blutooth'
  );
INSERT INTO public.tag (tag_id, tag)
VALUES
  ('d0bee308-6c6c-4c78-b622-160072dfe955', 'dvd');
INSERT INTO public.tag (tag_id, tag)
VALUES
  ('a5a2cc5a-46f6-4b02-b5e0-fd64c7b17993', 'smart');
------------------------------------------------------
INSERT INTO public.producttag (product_id, tag_id)
VALUES
  (
    '51107a91-bff2-4b6e-94f0-18d2eb13e26a',
    '30d76955-ad93-41b7-8e8a-d4bbbf93c3dc'
  );
INSERT INTO public.producttag (product_id, tag_id)
VALUES
  (
    '51107a91-bff2-4b6e-94f0-18d2eb13e26a',
    '4cfdd485-f829-4a0c-9fa8-45a83c2bbc87'
  );
INSERT INTO public.producttag (product_id, tag_id)
VALUES
  (
    'eeb0e488-a73f-42d6-b45a-7939f099d214',
    '07a6ba6c-ec86-4d55-8b3c-f1b51d21aebd'
  );
INSERT INTO public.producttag (product_id, tag_id)
VALUES
  (
    '40302d39-b546-4919-8643-f6381ad58913',
    'd0bee308-6c6c-4c78-b622-160072dfe955'
  );
INSERT INTO public.producttag (product_id, tag_id)
VALUES
  (
    '68437cbe-8dc1-4320-bdbf-ed4e3f3a94e6',
    'a5a2cc5a-46f6-4b02-b5e0-fd64c7b17993'
  );