
INSERT INTO public.product (product_id, title, description, weight_kilos, brand, added_date) VALUES ('183c1d6b-3eba-4b9b-8d3a-b58f7eb9deca', 'Edushape See-Me Sensory Balls, 4 Inch, Translucent, 4 Ball Set', 'plastic

SENSORY ENGAGEMENT: Nubbly surface engages the senses and enhances tactile development

MOTOR SKILL DEVELOPMENT: Gripping, tossing, bouncing, and rolling encourage growth of fine and gross motor skills

ENHANCE LOGIC AND REASONING: Rolling, tracking, and bouncing enhance hand-eye coordination, visual sensory development, and logic & reasoning skills

VISUALLY STIMULATING: Bright, colorful design engages visual senses and encourages color recognition skills

Contains 4 pieces; Recommended for ages 6 months and up; Edushape products are made with BPA and phthalate free plastic', 0.35, 'Edushape ', '2020-01-01 13:09:50.230688');
INSERT INTO public.product (product_id, title, description, weight_kilos, brand, added_date) VALUES ('f1175767-1333-438d-9125-2f16cd1d416c', 'BalanceFrom 2.3-Inch Phthalate Free BPA Free Non-Toxic Crush Proof Play Balls Pit Balls', 'Safety - Made from non-toxic material, non-recycled & non-PVC plastic, BPA free, Phthalate free and lead free

Colorful - each ball measures 2. 3 inches in diameter, a perfect size for small child''s hand. 6 bright & attractive Colors: blue, red, pink, green, orange and yellow

Quality - crush-proof balls are designed to withstand ~100lbs that is strong enough for adult and soft enough for children

Organize - strong and reusable mesh bag for re-storing the balls when not in Use. Great for filling any ball pit, tent, playhouse, kiddie pool, playpen and bounce house

Happiness - All genuine Balance From products are covered by a 100% Balance From satisfaction support and 2-year Balance From support', 3.00, 'BalanceFrom', '2020-01-01 13:15:52.927203');
INSERT INTO public.product (product_id, title, description, weight_kilos, brand, added_date) VALUES ('7f7db4e0-4008-4612-b286-47a7a3e65408', 'ForeverSpin Titanium Spinning Top - World Famous Spinning Tops', 'TIMELESS ART — Your spinning top will forever remain a timeless, elegant piece of art that will be loved by you and your children''s children

PRECISION-MACHINED — Every top is checked for perfection. Tops are precision-machined using only the purest metals and alloys from around the world. Only the finest tops receive the ForeverSpinTM seal

BOOST CREATIVITY & FOCUS — According to recent studies, fiddling with items at your desk can aid in thought process and improve productivity!

CHALLENGE YOURSELF — We all love to challenge ourselves. Beat your own spin times or, better yet, compete with your friends for pizza or drinks

THE PERFECT SIZE — Dimensions expertly calculated to allow for minimal friction and stress on the tops'' tips while still allowing handling with hands of all sizes. 1.4 tall" x 1.125" diameter. 0.6oz.', 0.10, 'ForeverSpin ', '2020-01-01 13:22:09.499674');
INSERT INTO public.product (product_id, title, description, weight_kilos, brand, added_date) VALUES ('6fd11314-3b1d-4efc-854a-2c27607fc951', '12 PCS Handmade Painted Wood Spinning Tops, Kids Novelty Wooden Colorful Gyroscopes Toy, Assorted Standard Tops, Flip Tops, kindergarten education Toys - Great Party Favors, Fun, Gift, Prize', '12 fingertips gyro, rainbow color, to give you more fun.

Made of high quality lotus wood, tough, wear-resistant, non-cracking, environmentally friendly and safe waterborne paint, bright color, soft luster.

Size:Approx.1.8 x 1.6 inches, Material: wooden, Color: 6 different colors.

Small and delicate, polished, smooth, burr free, not hurt.

Fast rotation can show children different visual effects and enhance children''s hand eye coordination.', 0.05, ' PPXMEEUDC', '2020-01-01 13:26:52.304957');
INSERT INTO public.product (product_id, title, description, weight_kilos, brand, added_date) VALUES ('64376ad6-fa23-4667-ab3a-7cb70200ba92', 'Dwi Dowellin Baby Bath Toys Mold Free Fishing Games Water Pool Bathtub Toy for Toddlers Kids Infant Girls and Boys Fun Bath Time Bathroom Tub Wind Up Swimming Whales Fish Set', 'NO HOLES, MOLD FREE, MORE SAFER: These fish toys are completely sealed, so you don''t have to worry about water getting in and causing mold in them like those rubber squeeze squirt water toys do. Don'' t buy your baby a rubber squeeze squirt water toys any more as all babies first thing they do are put everything in their mouth when they are given a toy. Just imagine how dangerous if a toy gets moldy inside but your baby keeps it in mouth.

MAKE BATH TIME MORE FUN: The cute whale can swims through the tub once you clockwise rotate the small whale and release it in the water. Help to make bath time enjoyable, and it swims longer distance than other swimming toys do. (others: easy to be submerged and doesn'' t float for long.)

LEARNING TOYS FOR TODDLERS: Kids would try to hook fishes, at first hooking 1 fish, then 2 fishes, 3 fishes, which will strengthen kids confidence and patience and developing the hand-eye coordination and body balance ability. It also help toddlers to identify the blue, green, orange ''''fish'''' and catch each one when asked. Colorful and fun bath toys in the tub.

GREAT FOR PLAY AT ANYWHERE: This baby bath toys is great for in or out of the water. You can play it in bathtub, pool, beach or on the floor. If the floating fish is a little challenge for your little baby, then play fishing game on the floor now, and fishing in the water in not longer future. Bath toy set contains: 1pcs fishing pole, 1pcs fishing net, 4pcs fish(no holes) and 2pcs swimming whales. Suitable for baby Ages 18 months and up.

Quality Assurance: Order from Dwi Dowellin for a truly worry free experience. If there are any issues or you think everything is not as advertised, please feel free to contact us, we will refund every penny of your money or give you a replacement without charging. Just enjoy this absolutely RISK FREE purchase.', 0.10, ' Dwi Dowellin', '2020-01-01 13:33:25.103232');
INSERT INTO public.product (product_id, title, description, weight_kilos, brand, added_date) VALUES ('7d52e29e-34f2-4f02-ba6e-bb5dd8acd9ec', '3 Bees & Me Bath Toys for Boys and Girls - Magnet Boat Set for Toddlers & Kids - Fun & Educational', 'BEST VALUE - Why pay extra for separate toddler bath toys when you can get this most popular 4 boats in 1 playset deal today?

MAKES A GREAT GIFT - bathtime toys kids will play with and love you for! For every preschool boy or girl

SAFE FOR KIDS & THE ENVIRONMENT – certified BPA free, phthalate free and lead free and built to last!

EDUCATIONAL - Fun new way to learn about colors and numbers; enhances motor skills and imagination

SATISFACTION GUARANTEED - Order today. All 3 Bees and Me toys are 100% Risk Free. 60 Day Return. We stand behind our bathtub toys!', 0.10, '3 Bees & Me ', '2020-01-01 13:36:57.206503');
INSERT INTO public.product (product_id, title, description, weight_kilos, brand, added_date) VALUES ('37f067d6-03f6-42d2-a156-49058f42c9f5', 'CogAT Test Flash Cards - 4th - 5th Grade (Level 10-11) - 72 Cards - 140+ Practice Questions - Tips for Scoring Higher on The CogAT - Verbal, Non-Verbal and Quantitative Concepts', 'Teach children the verbal, quantitative and non-verbal concepts they need for the CogAT Form 7, CogAT Form 8, and other gifted and talented and GATE tests!

These cards will strengthen your child’s abilities in the following areas: Verbal Analogies, Sentence Completion, Verbal Classification; Number Analogies, Number Puzzles, Number Series, Figure Matrices, Paper Folding; Figure Classification and more.

Includes over 144 questions, learning activities and tips for scoring higher on the CogAT to reinforce verbal, quantitative and non-verbal concepts through playful parent-child interaction.

Not just for students taking the CogAT Test or applying to gifted programs - these cards cover the abilities all children are expected to demonstrate for 4th to 5th Grade readiness and success.

If the cards ever get dirty, you can easily wipe them off – the smudge proof finish makes them easy to clean.', 0.25, 'TeachingMom', '2020-01-01 13:41:42.240316');
INSERT INTO public.product (product_id, title, description, weight_kilos, brand, added_date) VALUES ('b1a5adcc-e409-4edb-92b8-81f0c9ac5398', 'Star Right Flash Cards Set of 4 - Numbers, Alphabets, First Words, Colors & Shapes - Value Pack Flash Cards with Rings for Pre K - K', '✔ FOUR FLASH CARDS SETS – These 4 sets will teach your 3-5 year old Math, Language and Basic Skills.

✔ MATH, BASIC SKILLS AND LANGUAGE – The numbers set will teach your child math. The Colors & Shapes will teach your child basic skills and the First Words and Alphabets will teach them language

✔ RINGS INCLUDED – This set of flash cards includes a ring for every set to keep it neat and organized and for easy sorting

✔ LARGE FONTS with REALISTIC ART – These flash cards are the perfect hand-held size with large, clear and bold fonts so it easy to see even from afar. The realistic art makes it exciting and practical for teaching your child.

✔ TEACH AND REVIEW – It is deal for teaching, reviewing and practicing sight words, in the classroom as a whole or each child individually or in groups, at their level.', 0.25, 'Star Right', '2020-01-01 13:44:30.701134');
INSERT INTO public.product (product_id, title, description, weight_kilos, brand, added_date) VALUES ('9ad61079-ef48-46aa-a6fb-2f099b00459d', 'Time2Play Wooden Musical Instruments for Toddlers, Children & Babies Includes 2 Maracas, 1 Tambourine, 2 Castanets, 1 Hand Bell Perfect Music Toys to Create a Wonderful Family Band', '✅ SET OF 6 MUSICAL INSTRUMENTS: Give your children the opportunity to learn rhythm and melody using Time2Play’s 6-piece musical set for babies. It includes 2 Castanets, 2 Maracas, 1 Tambourine, and 1 Handbell that will keep them occupied for hours.

✅ DISCOVER THE MUSICIAN IN YOUR BABY: Our assortment of musical instruments is a great way of introducing young children to music. Encourages rhythm and social interaction, and is great fun for jam sessions and group play. Lets your kids be the stars of the show. Makes for a creative, entertaining gift too.

✅ SAFE FOR YOUR CHILDREN: All the instruments in our musical set for toddlers have smooth, rounded corners making them completely safe for your children. You can therefore let them play unattended to without worrying that they will get injured.

✅ MADE WITH QUALITY MATERIALS: Our wooden children’s musical instruments are made using high quality wood. They are strong and sturdy, and we only used non-toxic paints on them. They can therefore take several bumps and drops and still look good.

✅ 100% MONEYBACK GUARANTEE: We are confident about the quality of our 6-piece musical set for babies and toddlers. That is why we are sure you will love it too. If you are not happy with it, please send it back and we will issue a full refund no questions asked. The recommended age is 3 years and up. Click ‘Add to Cart’ now.', 0.35, 'Time2Play ', '2020-01-01 13:51:08.577499');
INSERT INTO public.product (product_id, title, description, weight_kilos, brand, added_date) VALUES ('30a5ebdd-ad0a-479b-8e6c-476b4e5cffca', 'Woodstock Kid''s Accordion- Music Collection', 'From the Woodstock Music Collection, here''s a fun-yet-sensible introduction to the accordian

Detailed playing instructions and eight easy-to-play songs

This music machine is just the right size for young hands, has an authentic accordion sound and 2-octave range in the key of C

Includes detailed playing instructions and 8 easy-to-play songs', 1.00, 'Woodstock ', '2020-01-01 13:54:20.471921');
INSERT INTO public.product (product_id, title, description, weight_kilos, brand, added_date) VALUES ('8ea3c469-6790-43bc-99e1-4660e59403d8', 'Woodstock Kid''s Accordion- Music Collection', 'From the Woodstock Music Collection, here''s a fun-yet-sensible introduction to the accordian

Detailed playing instructions and eight easy-to-play songs

This music machine is just the right size for young hands, has an authentic accordion sound and 2-octave range in the key of C

Includes detailed playing instructions and 8 easy-to-play songs', 1.00, 'Woodstock', '2020-01-01 14:01:25.111221');
INSERT INTO public.product (product_id, title, description, weight_kilos, brand, added_date) VALUES ('7196948e-3011-4c86-a623-191fc4b4ccd0', 'Trend Enterprises Sight Words Bingo', 'Sight Words Level 1 includes 36 Playing Cards measuring 6.5 inches by 9 inches

Ideal for teaching

For ages 5 and up

Set includes 36 playing cards, 264 playing chips, caller''s mat and cards and a sturdy storage box', 1.00, 'Trend Enterprises', '2020-01-01 14:04:44.360005');
INSERT INTO public.product (product_id, title, description, weight_kilos, brand, added_date) VALUES ('a71c6a34-af43-4261-8ee5-34234bb5b61b', 'Brain Games Kids: Kindergarten Activity Workbook - PI Kids Spiral-bound', 'Interactive questions are a great way to engage with your child

Content teaches new skills in reading comprehension, addition, subtraction, and more

Fold-over answers on each page let kindergartners test their knowledge and get immediate feedback', 1.00, 'Brain Games', '2020-01-01 14:07:41.562225');




--------------------------------------------------------------------



INSERT INTO public.productimage (image_id, product_id, image_url) VALUES ('57fa2548-fe64-404f-bba8-48a1eeee3170', '183c1d6b-3eba-4b9b-8d3a-b58f7eb9deca', 'https://images-na.ssl-images-amazon.com/images/I/91JUlsib-JL._SL1500_.jpg');
INSERT INTO public.productimage (image_id, product_id, image_url) VALUES ('03fa0099-230f-484e-9da9-715ee2f545b1', 'f1175767-1333-438d-9125-2f16cd1d416c', 'https://images-na.ssl-images-amazon.com/images/I/B1boTsIjuvS._SL1500_.jpg');
INSERT INTO public.productimage (image_id, product_id, image_url) VALUES ('63a55f91-26fa-4488-a53c-33d03ffec94f', '7f7db4e0-4008-4612-b286-47a7a3e65408', 'https://images-na.ssl-images-amazon.com/images/I/51uvscuhh4L._SL1000_.jpg');
INSERT INTO public.productimage (image_id, product_id, image_url) VALUES ('ffb16ba8-2334-4fa0-9231-c70ff7b0e901', '6fd11314-3b1d-4efc-854a-2c27607fc951', 'https://images-na.ssl-images-amazon.com/images/I/81cggcU7v9L._SL1500_.jpg');
INSERT INTO public.productimage (image_id, product_id, image_url) VALUES ('09ea6ae7-a275-437e-9712-215bc5b5aff6', '64376ad6-fa23-4667-ab3a-7cb70200ba92', 'https://images-na.ssl-images-amazon.com/images/I/61VJgM-XzAL._SL1300_.jpg');
INSERT INTO public.productimage (image_id, product_id, image_url) VALUES ('5e4f9c66-1669-473b-8e59-19dab57c3c0a', '7d52e29e-34f2-4f02-ba6e-bb5dd8acd9ec', 'https://images-na.ssl-images-amazon.com/images/I/71USy1M7XRL._SL1500_.jpg');
INSERT INTO public.productimage (image_id, product_id, image_url) VALUES ('460d9316-77d9-49b5-a97b-afc581100b84', '37f067d6-03f6-42d2-a156-49058f42c9f5', 'https://images-na.ssl-images-amazon.com/images/I/612jmxL%2BFbL.jpg');
INSERT INTO public.productimage (image_id, product_id, image_url) VALUES ('3a294953-6038-4be5-9ad9-728c58621d37', 'b1a5adcc-e409-4edb-92b8-81f0c9ac5398', 'https://images-na.ssl-images-amazon.com/images/I/81tHcFMdfML._SL1500_.jpg');
INSERT INTO public.productimage (image_id, product_id, image_url) VALUES ('fdeacce5-a30a-49ae-8be5-253cb3abd5a5', '9ad61079-ef48-46aa-a6fb-2f099b00459d', 'https://images-na.ssl-images-amazon.com/images/I/619cJlW4ZFL._SL1080_.jpg');
INSERT INTO public.productimage (image_id, product_id, image_url) VALUES ('38b286a0-b80c-4cbb-9311-7bd7dcfe7d77', '30a5ebdd-ad0a-479b-8e6c-476b4e5cffca', 'https://images-na.ssl-images-amazon.com/images/I/51-4ZXcUOwL.jpg');
INSERT INTO public.productimage (image_id, product_id, image_url) VALUES ('5d78470f-b10e-4270-95b2-10e939919cf7', '8ea3c469-6790-43bc-99e1-4660e59403d8', 'https://images-na.ssl-images-amazon.com/images/I/51-4ZXcUOwL.jpg');
INSERT INTO public.productimage (image_id, product_id, image_url) VALUES ('8ecc025d-24c7-4bef-b6c4-e088aedadbb5', '7196948e-3011-4c86-a623-191fc4b4ccd0', 'https://images-na.ssl-images-amazon.com/images/I/71S2E31-OyL._SL1000_.jpg');
INSERT INTO public.productimage (image_id, product_id, image_url) VALUES ('0b772f9a-1ec2-4018-b5e6-e889bfbf629b', 'a71c6a34-af43-4261-8ee5-34234bb5b61b', 'https://images-na.ssl-images-amazon.com/images/I/61OkEWYb%2BFL._SX258_BO1,204,203,200_.jpg');

--------------------------------------------------------------------------------------------------------

INSERT INTO public.variant (variant_id, product_id, sku_id, quantity, title, listed_price, selling_price) VALUES ('5e844822-dad4-4de1-b4f1-1312d5b8e3c9', '183c1d6b-3eba-4b9b-8d3a-b58f7eb9deca', '7875579', 78, 'Black', 400.00, 350.00);
INSERT INTO public.variant (variant_id, product_id, sku_id, quantity, title, listed_price, selling_price) VALUES ('456d7db3-c8d1-4d53-813c-963185e43d2a', '183c1d6b-3eba-4b9b-8d3a-b58f7eb9deca', '4181932', 35, 'white', 400.00, 375.00);
INSERT INTO public.variant (variant_id, product_id, sku_id, quantity, title, listed_price, selling_price) VALUES ('00d5cd80-00ba-468e-83fb-d63bbc37b08f', 'f1175767-1333-438d-9125-2f16cd1d416c', '9925572', 29, '200-count', 1600.00, 1550.00);
INSERT INTO public.variant (variant_id, product_id, sku_id, quantity, title, listed_price, selling_price) VALUES ('bec88942-978b-451c-bb99-1fa2fa3addf3', 'f1175767-1333-438d-9125-2f16cd1d416c', '446066', 34, '400-count', 3800.00, 3600.00);
INSERT INTO public.variant (variant_id, product_id, sku_id, quantity, title, listed_price, selling_price) VALUES ('d9383acd-c170-4c9a-9845-25ac48bbe3a5', '7f7db4e0-4008-4612-b286-47a7a3e65408', '841414', 100, 'Silver', 4800.00, 4700.00);
INSERT INTO public.variant (variant_id, product_id, sku_id, quantity, title, listed_price, selling_price) VALUES ('625847b0-a775-4a67-9f4b-fee5a83c3af8', '7f7db4e0-4008-4612-b286-47a7a3e65408', '590890', 56, 'Metal', 4900.00, 4700.00);
INSERT INTO public.variant (variant_id, product_id, sku_id, quantity, title, listed_price, selling_price) VALUES ('0cb8bd6f-1f58-42d9-ac23-e9574821b3eb', '6fd11314-3b1d-4efc-854a-2c27607fc951', '5886345', 45, 'Rainbow', 1500.00, 1400.00);
INSERT INTO public.variant (variant_id, product_id, sku_id, quantity, title, listed_price, selling_price) VALUES ('be5abb82-7fd5-4090-a752-7c8ad993f501', '6fd11314-3b1d-4efc-854a-2c27607fc951', '7640858', 56, 'strips', 1600.00, 1600.00);
INSERT INTO public.variant (variant_id, product_id, sku_id, quantity, title, listed_price, selling_price) VALUES ('5186494e-6210-4122-9069-c9ae7490803f', '64376ad6-fa23-4667-ab3a-7cb70200ba92', '8987369', 78, 'whales', 3700.00, 3650.00);
INSERT INTO public.variant (variant_id, product_id, sku_id, quantity, title, listed_price, selling_price) VALUES ('15bf9620-342f-42f9-b253-92eb8babccbb', '64376ad6-fa23-4667-ab3a-7cb70200ba92', '616156', 80, 'sharks', 1600.00, 1600.00);
INSERT INTO public.variant (variant_id, product_id, sku_id, quantity, title, listed_price, selling_price) VALUES ('ce085d06-fb77-4abf-bd6f-411777675e97', '7d52e29e-34f2-4f02-ba6e-bb5dd8acd9ec', '6030006', 45, 'solid', 2200.00, 2100.00);
INSERT INTO public.variant (variant_id, product_id, sku_id, quantity, title, listed_price, selling_price) VALUES ('77cb4180-6596-4718-b60f-7fb3c04bace5', '7d52e29e-34f2-4f02-ba6e-bb5dd8acd9ec', '8190622', 56, 'stripes', 2300.00, 2100.00);
INSERT INTO public.variant (variant_id, product_id, sku_id, quantity, title, listed_price, selling_price) VALUES ('de6e1d01-39de-49ff-a8e5-ac132080f9c6', '37f067d6-03f6-42d2-a156-49058f42c9f5', '5796538', 56, 'Small', 5700.00, 5600.00);
INSERT INTO public.variant (variant_id, product_id, sku_id, quantity, title, listed_price, selling_price) VALUES ('8cbf507e-6cea-43d4-81fe-ec125e241f2d', '37f067d6-03f6-42d2-a156-49058f42c9f5', '8107784', 23, 'large', 6800.00, 6900.00);
INSERT INTO public.variant (variant_id, product_id, sku_id, quantity, title, listed_price, selling_price) VALUES ('321215dd-aae4-4b41-9f6a-10fd22b18477', 'b1a5adcc-e409-4edb-92b8-81f0c9ac5398', '8008460', 56, 'Black', 1600.00, 1550.00);
INSERT INTO public.variant (variant_id, product_id, sku_id, quantity, title, listed_price, selling_price) VALUES ('d028cfa7-5dd0-40cc-aaf6-f52f24c3971f', 'b1a5adcc-e409-4edb-92b8-81f0c9ac5398', '8423680', 45, 'white', 1600.00, 1600.00);
INSERT INTO public.variant (variant_id, product_id, sku_id, quantity, title, listed_price, selling_price) VALUES ('f749105f-2fb0-497d-a8c6-d45c4fd8948c', '9ad61079-ef48-46aa-a6fb-2f099b00459d', '1267417', 78, 'small', 4600.00, 4500.00);
INSERT INTO public.variant (variant_id, product_id, sku_id, quantity, title, listed_price, selling_price) VALUES ('31f9235f-c91f-41d8-b99a-1c8eba619c03', '9ad61079-ef48-46aa-a6fb-2f099b00459d', '5939468', 90, 'large', 5600.00, 5500.00);
INSERT INTO public.variant (variant_id, product_id, sku_id, quantity, title, listed_price, selling_price) VALUES ('593821e4-1cf2-4f30-b5db-8c662db39d96', '30a5ebdd-ad0a-479b-8e6c-476b4e5cffca', '1359268', 56, 'vivid', 3700.00, 3600.00);
INSERT INTO public.variant (variant_id, product_id, sku_id, quantity, title, listed_price, selling_price) VALUES ('f3ac8258-0dc1-46ac-a6b9-5e2f481a9220', '30a5ebdd-ad0a-479b-8e6c-476b4e5cffca', '7371139', 67, 'classic', 3700.00, 3600.00);
INSERT INTO public.variant (variant_id, product_id, sku_id, quantity, title, listed_price, selling_price) VALUES ('54e1535a-d472-44d2-9284-0c8c33a76b2a', '30a5ebdd-ad0a-479b-8e6c-476b4e5cffca', '194638', 45, 'classic', 3600.00, 3500.00);
INSERT INTO public.variant (variant_id, product_id, sku_id, quantity, title, listed_price, selling_price) VALUES ('d8af8193-77e7-4fce-9a19-c583e6eaa7a8', '30a5ebdd-ad0a-479b-8e6c-476b4e5cffca', '3108269', 34, 'vivid', 3700.00, 3500.00);
INSERT INTO public.variant (variant_id, product_id, sku_id, quantity, title, listed_price, selling_price) VALUES ('cf29a0cd-1cd0-4ddb-aaa1-31de83ad0de5', '8ea3c469-6790-43bc-99e1-4660e59403d8', '5710870', 45, 'vivid', 3600.00, 3500.00);
INSERT INTO public.variant (variant_id, product_id, sku_id, quantity, title, listed_price, selling_price) VALUES ('b95bb667-4cab-42c4-8c8d-fc38975f6eff', '8ea3c469-6790-43bc-99e1-4660e59403d8', '2791444', 34, 'classic', 3700.00, 3500.00);
INSERT INTO public.variant (variant_id, product_id, sku_id, quantity, title, listed_price, selling_price) VALUES ('69cbbd36-fb19-42a1-9943-64ee67cef3ce', '7196948e-3011-4c86-a623-191fc4b4ccd0', '3757835', 78, 'Black', 1200.00, 1100.00);
INSERT INTO public.variant (variant_id, product_id, sku_id, quantity, title, listed_price, selling_price) VALUES ('32f818bb-956d-46a7-9ab0-38fcef67b7f2', '7196948e-3011-4c86-a623-191fc4b4ccd0', '4223210', 45, 'white', 1200.00, 1100.00);
INSERT INTO public.variant (variant_id, product_id, sku_id, quantity, title, listed_price, selling_price) VALUES ('bf2ac581-631e-43d7-ba2f-8aa46e0e8ae8', 'a71c6a34-af43-4261-8ee5-34234bb5b61b', '7329327', 67, 'Black', 1000.00, 900.00);
INSERT INTO public.variant (variant_id, product_id, sku_id, quantity, title, listed_price, selling_price) VALUES ('deed5f90-6c20-41fc-a4ef-7626cf4325ea', 'a71c6a34-af43-4261-8ee5-34234bb5b61b', '9317702', 46, 'white', 900.00, 800.00);


--------------------------------------------------------------------------------------------------------

INSERT INTO public.productcategory (category_id, product_id) VALUES ('6f964b17-2d46-4c6a-a41a-f74e89eb81e3', '183c1d6b-3eba-4b9b-8d3a-b58f7eb9deca');
INSERT INTO public.productcategory (category_id, product_id) VALUES ('5a5c29a6-0ee5-4eac-8730-190b3364f908', '183c1d6b-3eba-4b9b-8d3a-b58f7eb9deca');
INSERT INTO public.productcategory (category_id, product_id) VALUES ('e802a9e5-ba12-4ba1-8bb3-007bff45caf6', '183c1d6b-3eba-4b9b-8d3a-b58f7eb9deca');
INSERT INTO public.productcategory (category_id, product_id) VALUES ('6f964b17-2d46-4c6a-a41a-f74e89eb81e3', 'f1175767-1333-438d-9125-2f16cd1d416c');
INSERT INTO public.productcategory (category_id, product_id) VALUES ('5a5c29a6-0ee5-4eac-8730-190b3364f908', 'f1175767-1333-438d-9125-2f16cd1d416c');
INSERT INTO public.productcategory (category_id, product_id) VALUES ('e802a9e5-ba12-4ba1-8bb3-007bff45caf6', 'f1175767-1333-438d-9125-2f16cd1d416c');
INSERT INTO public.productcategory (category_id, product_id) VALUES ('876e82a1-99fa-40ca-bfa6-c687ace3cd1b', '7f7db4e0-4008-4612-b286-47a7a3e65408');
INSERT INTO public.productcategory (category_id, product_id) VALUES ('5a5c29a6-0ee5-4eac-8730-190b3364f908', '7f7db4e0-4008-4612-b286-47a7a3e65408');
INSERT INTO public.productcategory (category_id, product_id) VALUES ('e802a9e5-ba12-4ba1-8bb3-007bff45caf6', '7f7db4e0-4008-4612-b286-47a7a3e65408');
INSERT INTO public.productcategory (category_id, product_id) VALUES ('876e82a1-99fa-40ca-bfa6-c687ace3cd1b', '6fd11314-3b1d-4efc-854a-2c27607fc951');
INSERT INTO public.productcategory (category_id, product_id) VALUES ('5a5c29a6-0ee5-4eac-8730-190b3364f908', '6fd11314-3b1d-4efc-854a-2c27607fc951');
INSERT INTO public.productcategory (category_id, product_id) VALUES ('e802a9e5-ba12-4ba1-8bb3-007bff45caf6', '6fd11314-3b1d-4efc-854a-2c27607fc951');
INSERT INTO public.productcategory (category_id, product_id) VALUES ('867a62d0-6acd-442f-ba33-dd0a0b149462', '64376ad6-fa23-4667-ab3a-7cb70200ba92');
INSERT INTO public.productcategory (category_id, product_id) VALUES ('5a5c29a6-0ee5-4eac-8730-190b3364f908', '64376ad6-fa23-4667-ab3a-7cb70200ba92');
INSERT INTO public.productcategory (category_id, product_id) VALUES ('e802a9e5-ba12-4ba1-8bb3-007bff45caf6', '64376ad6-fa23-4667-ab3a-7cb70200ba92');
INSERT INTO public.productcategory (category_id, product_id) VALUES ('867a62d0-6acd-442f-ba33-dd0a0b149462', '7d52e29e-34f2-4f02-ba6e-bb5dd8acd9ec');
INSERT INTO public.productcategory (category_id, product_id) VALUES ('5a5c29a6-0ee5-4eac-8730-190b3364f908', '7d52e29e-34f2-4f02-ba6e-bb5dd8acd9ec');
INSERT INTO public.productcategory (category_id, product_id) VALUES ('e802a9e5-ba12-4ba1-8bb3-007bff45caf6', '7d52e29e-34f2-4f02-ba6e-bb5dd8acd9ec');
INSERT INTO public.productcategory (category_id, product_id) VALUES ('e9273721-4744-4bf2-b210-bf63402c4eab', '37f067d6-03f6-42d2-a156-49058f42c9f5');
INSERT INTO public.productcategory (category_id, product_id) VALUES ('6edf6490-5a59-4f29-96b0-d9f087fdba8a', '37f067d6-03f6-42d2-a156-49058f42c9f5');
INSERT INTO public.productcategory (category_id, product_id) VALUES ('e802a9e5-ba12-4ba1-8bb3-007bff45caf6', '37f067d6-03f6-42d2-a156-49058f42c9f5');
INSERT INTO public.productcategory (category_id, product_id) VALUES ('e9273721-4744-4bf2-b210-bf63402c4eab', 'b1a5adcc-e409-4edb-92b8-81f0c9ac5398');
INSERT INTO public.productcategory (category_id, product_id) VALUES ('6edf6490-5a59-4f29-96b0-d9f087fdba8a', 'b1a5adcc-e409-4edb-92b8-81f0c9ac5398');
INSERT INTO public.productcategory (category_id, product_id) VALUES ('e802a9e5-ba12-4ba1-8bb3-007bff45caf6', 'b1a5adcc-e409-4edb-92b8-81f0c9ac5398');
INSERT INTO public.productcategory (category_id, product_id) VALUES ('1339a83d-4176-49e1-8cb3-a703c247f211', '9ad61079-ef48-46aa-a6fb-2f099b00459d');
INSERT INTO public.productcategory (category_id, product_id) VALUES ('6edf6490-5a59-4f29-96b0-d9f087fdba8a', '9ad61079-ef48-46aa-a6fb-2f099b00459d');
INSERT INTO public.productcategory (category_id, product_id) VALUES ('e802a9e5-ba12-4ba1-8bb3-007bff45caf6', '9ad61079-ef48-46aa-a6fb-2f099b00459d');
INSERT INTO public.productcategory (category_id, product_id) VALUES ('b64542d4-328f-4670-adc9-1e9f6dc09219', '30a5ebdd-ad0a-479b-8e6c-476b4e5cffca');
INSERT INTO public.productcategory (category_id, product_id) VALUES ('760aa25b-f984-4a3d-9c5d-d1313f49fe08', '30a5ebdd-ad0a-479b-8e6c-476b4e5cffca');
INSERT INTO public.productcategory (category_id, product_id) VALUES ('1339a83d-4176-49e1-8cb3-a703c247f211', '8ea3c469-6790-43bc-99e1-4660e59403d8');
INSERT INTO public.productcategory (category_id, product_id) VALUES ('6edf6490-5a59-4f29-96b0-d9f087fdba8a', '8ea3c469-6790-43bc-99e1-4660e59403d8');
INSERT INTO public.productcategory (category_id, product_id) VALUES ('e802a9e5-ba12-4ba1-8bb3-007bff45caf6', '8ea3c469-6790-43bc-99e1-4660e59403d8');
INSERT INTO public.productcategory (category_id, product_id) VALUES ('563617f8-dd6c-4a2f-baf8-445926244341', '7196948e-3011-4c86-a623-191fc4b4ccd0');
INSERT INTO public.productcategory (category_id, product_id) VALUES ('6edf6490-5a59-4f29-96b0-d9f087fdba8a', '7196948e-3011-4c86-a623-191fc4b4ccd0');
INSERT INTO public.productcategory (category_id, product_id) VALUES ('e802a9e5-ba12-4ba1-8bb3-007bff45caf6', '7196948e-3011-4c86-a623-191fc4b4ccd0');
INSERT INTO public.productcategory (category_id, product_id) VALUES ('563617f8-dd6c-4a2f-baf8-445926244341', 'a71c6a34-af43-4261-8ee5-34234bb5b61b');
INSERT INTO public.productcategory (category_id, product_id) VALUES ('6edf6490-5a59-4f29-96b0-d9f087fdba8a', 'a71c6a34-af43-4261-8ee5-34234bb5b61b');
INSERT INTO public.productcategory (category_id, product_id) VALUES ('e802a9e5-ba12-4ba1-8bb3-007bff45caf6', 'a71c6a34-af43-4261-8ee5-34234bb5b61b');

---------------------------------------------------------------------------------------------------------------

INSERT INTO public.tag (tag_id, tag) VALUES ('5de37cd9-af93-437f-9b4f-b568be4d6e89', 'ball');

---------------------------------------------------------------------------------------------------------

INSERT INTO public.producttag (product_id, tag_id) VALUES ('183c1d6b-3eba-4b9b-8d3a-b58f7eb9deca', '5de37cd9-af93-437f-9b4f-b568be4d6e89');